Month,KELES_USTYE,SYRDARYA_BEFORE_SHARDARA,SYRDARYA_AFTER_SHARDARA,ARYS_SHAULDER,SYRDARYA_KOKTUBE,SYRDARYA_RZD_KERKELMES,SYRDARYA_KAZALY
2020-1,20.79,,472.71,7.53,368.71,438.355,332.548
2020-2,27.862,,426.207,13.165,130.966,184.172,233.345
2020-3,18.376,,356.032,25.535,161.839,149.774,85.277
2020-4,26.707,,262.233,14.089,395.433,272.867,34.53
2020-5,21.056,,329.645,12.497,583.806,421.516,18.347
2020-6,7.501,,351.7,0.506,577.3,442.5,10.732
2020-7,7.136,,555.29,0,475.484,372.032,6.567
2020-8,10.993,,267.448,0,368.032,308.516,18.285
2020-9,20.86,,80.097,8.478,156.1,170.433,36.787
2020-10,28.335,,77.552,3.059,133.387,134.871,15.623
2020-11,28.783,,206.507,4.513,177.7,152.22,29.167
2020-12,27.5,,397.677,5.169,283,224.032,58.484
2021-1,21.716,,539.194,6.896,387.194,329.677,179.935
2021-2,20.889,,420.679,7.861,295.5,323.25,229.5
2021-3,25.384,,233.097,43.569,159.194,171.903,155.065
2021-4,27.906,,335.2,78.817,362.9,284.333,105.43
2021-5,6.849,,246.548,0,479.968,336.065,24.571
2021-6,8.687,,231.133,0,529.633,373.867,9.975
2021-7,7.057,,471.839,0,546.71,371.29,7.862
2021-8,7.966,,254.4,0,372.258,294.903,12.025
2021-9,17.45,,41.777,0,92.56,119.813,41.073
2021-10,22.084,,41.674,0,75.735,75.352,28.816
2021-11,21.167,,180.157,0,186.767,119.95,26.303
2021-12,13.323,,220.577,0,278.032,281.742,97.41
2022-1,17.742,,102.29,3.372,153.097,172.29,129.129
2022-2,18.575,,102.682,3.784,178.143,175.929,106.204
2022-3,40.913,,648.732,75.127,361.806,237.194,72.055
2022-4,33.283,,351.367,50.666,473.033,416.367,170.683
2022-5,40.135,,355.323,3.413,552.677,310.226,16.411
2022-6,17.703,,536.1,2.377,512.8,346,5.751
2022-7,13.192,,571.419,0,572.419,390.097,4.703
2022-8,11.094,,259.913,0,398.871,279.258,9.549
2022-9,18.667,,72.517,1.246,147.533,138.333,38.89
2022-10,23.826,,71.935,4.216,128,113.29,23.335
2022-11,29.09,,348.8,15.28,348.1,203.067,91.37
2022-12,24.635,,705.742,22.119,571.871,311,237.484
2023-1,29.071,,863.774,54.055,557.677,380.161,244.645
2023-2,37.061,1398.75,885.25,57.107,581.286,474.107,269.214
2023-3,34.913,495.452,429.494,65.448,634.774,597.645,351.161
2023-4,29.29,245.667,159.367,8.332,386.433,276.2,193.793
2023-5,10.683,101.068,205,0,572.774,333.677,28.161
2023-6,17.977,167.133,371.8,0,594.533,352.533,10.628
2023-7,12.172,100.419,490.71,0,565.806,349.71,7.239
2023-8,18.625,134.032,184.768,0.203,316.871,245.935,5.696
2023-9,28.623,179.133,56.163,0,116.857,125.767,32.444
2023-10,26.177,189.065,95.977,2.455,161.516,139.258,42.368
2023-11,19.687,284.233,127.093,4.885,193.733,167.567,72.44
2023-12,23.858,812.065,346.226,6.391,420.968,195.968,101.771
2024-1,30.494,705.581,247.871,12.404,307.968,279,186.032
2024-2,31.197,892.103,254.517,37.507,235.793,230.69,134.759
2024-3,45.594,904.839,518.839,68,333.581,274.613,131.387
2024-4,54.323,474.1,238.167,82.883,452.8,308.833,122.79
2024-5,59.755,,236.935,43.923,573.903,353.613,29.132
2024-6,24.38,,506.933,16.798,765.833,478.4,54.64
2024-7,16.555,,618.968,,704.032,483.71,88.026
2024-8,15.855,,283.065,,443.581,348.613,108.703
2024-9,23.057,,76.85,2.355,183.433,178.267,88.913
2024-10,26.977,,109.616,9.575,173.581,148.29,93.168
2024-11,25.52,,407.767,14.519,432.233,312.967,177.4
2024-12,22.171,,384.161,8.988,429.774,370.613,283.258
2025-1,23.622,,680.484,14.476,458.781,359.674,269.355
2025-2,25.357,,645.107,9.437,464.459,435.25,215.929
2025-3,26.494,,360.219,48.931,371.032,340.323,253.581
2025-4,19.864,,124.8,10.033,347.667,216.6,147.153
2025-5,5.316,,245.613,0.91,584.452,337.452,36.577
2025-6,6.453,,349.433,1.256,442.167,316.3,13.823
2025-7,6.344,,360.452,,383.194,262.226,14.287
2025-8,9.32,,157.319,1.18,229.484,179.435,6.613
2025-9,12.054,,28.917,0,58.887,77.347,21.06
2025-10,16.087,,20.971,0,34.568,42.7,17.697
2025-11,16.21,,42.717,1.173,49.99,43.577,13.138
2025-12,18.01,,241.961,1.03,113.919,80.074,18.961
